category,rank_in_category,month,round,prev_month,prev_round,premium_before,premium_after,d_premium,d_premium_pct,quota_before,quota_after,d_quota_pct,bpq_before,bpq_after,d_bpq,success_rate_before,success_rate_after,regime,crosses_break,gap_spanning
Category A,1,2024-01,2,2024-01,1,65010,81589,16579,25.5,924,923,-0.11,1.281,2.037,0.755,0.777,0.4899,post,False,False
Category A,2,2025-09,2,2025-09,1,107889,119003,11114,10.3,1275,1272,-0.24,1.446,1.982,0.536,0.6893,0.5022,post,False,False
Category A,3,2013-01,1,2012-12,2,81889,92100,10211,12.47,395,410,3.8,1.263,1.354,0.09,0.7575,0.7369,pre,False,False
Category A,4,2012-07,2,2012-07,1,59421,68656,9235,15.54,641,676,5.46,1.36,1.348,-0.013,0.703,0.7344,pre,False,False
Category A,5,2025-10,1,2025-09,2,119003,128105,9102,7.65,1272,1268,-0.31,1.982,2.028,0.046,0.5022,0.4817,post,False,False
Category B,1,2024-01,2,2024-01,1,85010,112000,26990,31.75,633,657,3.79,1.343,1.991,0.648,0.7388,0.5023,post,False,False
Category B,2,2023-11,2,2023-11,1,110001,135336,25335,23.03,636,648,1.89,1.305,1.895,0.59,0.7602,0.5195,post,False,False
Category B,3,2013-03,2,2013-03,1,58090,73900,15810,27.22,326,307,-5.83,3.153,3.062,-0.091,0.3171,0.3191,pre,False,False
Category B,4,2025-11,2,2025-11,1,115001,129890,14889,12.95,800,806,0.75,1.191,1.878,0.687,0.8342,0.5053,post,False,False
Category B,5,2010-12,1,2010-11,2,47890,62502,14612,30.51,480,479,-0.21,1.477,2.159,0.682,0.6474,0.4613,pre,False,False
Category C,1,2014-07,2,2014-07,1,43390,52010,8620,19.87,392,391,-0.26,1.666,1.992,0.327,0.5865,0.5019,pre,False,False
Category C,2,2023-02,1,2023-01,2,77109,85119,8010,10.39,78,44,-43.59,2.333,2.455,0.121,0.4066,0.4074,post,False,False
Category C,3,2017-06,1,2017-05,2,30600,38501,7901,25.82,1085,1091,0.55,2.297,2.116,-0.18,0.435,0.4708,pre,False,False
Category C,4,2021-04,2,2021-04,1,36134,44001,7867,21.77,263,262,-0.38,1.856,1.683,-0.172,0.5389,0.5805,pre,False,False
Category C,5,2014-10,1,2014-09,2,49889,57389,7500,15.03,261,259,-0.77,1.674,1.992,0.318,0.5767,0.4981,pre,False,False
Category D,1,2010-01,2,2010-01,1,889,20090,19201,2159.84,373,378,1.34,1.365,1.458,0.093,0.7171,0.686,pre,False,False
Category D,2,2023-05,2,2023-05,1,5002,10602,5600,111.96,554,571,3.07,1.209,2.518,1.309,0.809,0.3908,post,False,False
Category D,3,2020-07,1,2020-03,2,4489,7702,3213,71.57,581,869,49.57,1.303,1.854,0.551,0.7609,0.5313,pre,False,True
Category D,4,2017-09,1,2017-08,2,3512,5402,1890,53.82,605,543,-10.25,1.767,1.604,-0.163,0.55,0.6142,pre,False,False
Category D,5,2026-09,1,2026-08,2,11301,12556,1255,11.11,512,514,0.39,1.34,1.278,-0.062,0.7303,0.7534,post,False,False
Category E,1,2010-12,1,2010-11,2,49890,64900,15010,30.09,333,313,-6.01,1.904,2.153,0.249,0.5237,0.4644,pre,False,False
Category E,2,2010-03,2,2010-03,1,27590,42001,14411,52.23,587,584,-0.51,2.017,2.58,0.563,0.4856,0.3676,pre,False,False
Category E,3,2025-01,1,2024-12,2,108992,123000,14008,12.85,182,191,4.95,1.813,2.173,0.36,0.5152,0.4578,post,False,False
Category E,4,2023-02,2,2023-02,1,105002,118001,12999,12.38,129,132,2.33,1.775,2.076,0.301,0.5502,0.4708,post,False,False
Category E,5,2025-09,2,2025-09,1,127901,140502,12601,9.85,256,256,0.0,1.91,2.109,0.199,0.5194,0.4667,post,False,False
