category,regime,n,rho_premium_quota,rho_premium_bpq
Category A,post,105,-0.13806446934634561,0.37240499899421603
Category A,pre,190,-0.04889315461568688,0.5520809003311069
Category B,post,105,-0.09437410129424795,0.5547999170640681
Category B,pre,190,-0.07810684676871935,0.4830409356725147
Category C,post,106,-0.16533881667465944,0.03963523691966644
Category C,pre,288,-0.17309504700842648,0.11260393684015979
Category D,post,106,-0.2815062657033241,-0.06189400179882553
Category D,pre,288,-0.12280697436698705,0.06945015871875554
Category E,post,106,0.04018816725134743,0.23215356324155456
Category E,pre,288,-0.09187553007197367,-0.022813860120805968
